claim_id,paper_id,claim_text,claim_type,source_level,supports,contradicts,related_baseline,related_risk,related_gap,evidence_quote_or_pointer,confidence
D01-C1,D01,"Vector or image observation encoded to a latent state; continuous action is concatenated into latent dynamics and reward prediction. Next latent state, reward, termination, policy prior, and an ensemble of Q estimates.",mechanism,direct,,,,,,"paper Abstract, Sec. 3-4 and Fig. 1; code tdmpc2/common/world_model.py:26-30,114-215 and tdmpc2/tdmpc2.py:123-203,268-303",0.90
D01-C2,D01,"104 continuous-control tasks across four domains; compares model-based and model-free methods including TD-MPC, DreamerV3, and SAC.",protocol,direct,,,,,,"https://openreview.net/forum?id=Oxh5CstDJU | paper Abstract, Sec. 3-4 and Fig. 1; code tdmpc2/common/world_model.py:26-30,114-215 and tdmpc2/tdmpc2.py:123-203,268-303",0.88
D01-C3,D01,The action space and planner are continuous; direct application to heterogeneous discrete phase masks and coupled intersection actions is not established.,limitation,inference,,,,,,"Inference from admitted mechanism/protocol: paper Abstract, Sec. 3-4 and Fig. 1; code tdmpc2/common/world_model.py:26-30,114-215 and tdmpc2/tdmpc2.py:123-203,268-303",0.80
D02-C1,D02,"Images or vector observations are encoded into recurrent discrete latent states conditioned on previous actions. Observation reconstruction, reward, continuation, latent dynamics; separate actor and distributional critic learn on imagined states.",mechanism,direct,,,,,,"article Fig. 1, Learning algorithm, World model learning, Critic learning, Evaluation and Fig. 6; code dreamerv3/agent.py:156-244,382-482",0.90
D02-C2,D02,More than 150 tasks across eight domains with fixed hyperparameters; the paper includes ablations of model signals and robustness techniques.,protocol,direct,,,,,,"https://www.nature.com/articles/s41586-025-08744-2 | article Fig. 1, Learning algorithm, World model learning, Critic learning, Evaluation and Fig. 6; code dreamerv3/agent.py:156-244,382-482",0.88
D02-C3,D02,The full actor-critic system is a large architectural change and provides no direct evidence for CityFlow structured states or discrete joint phase planning.,limitation,inference,,,,,,"Inference from admitted mechanism/protocol: article Fig. 1, Learning algorithm, World model learning, Critic learning, Evaluation and Fig. 6; code dreamerv3/agent.py:156-244,382-482",0.80
D03-C1,D03,"Tokenized trajectory variables with observation/action indicators, padding masks, and variable masks. Distributional next observation and reward; environment termination is supplied by task-specific termination functions.",mechanism,direct,,,,,,"paper Abstract and Sec. 3-5; code dynamics/trajworld_dynamics.py:375-515 and mpc/mpc.py:54-126,201-231",0.90
D03-C2,D03,"UniTraj contains over one million trajectories from 80 environments; evaluation covers transition prediction, off-policy evaluation, and online MPC.",protocol,direct,,,,,,"https://proceedings.mlr.press/v267/yin25f.html | paper Abstract and Sec. 3-5; code dynamics/trajworld_dynamics.py:375-515 and mpc/mpc.py:54-126,201-231",0.88
D03-C3,D03,No repository license is declared and the provided MPC assumes continuous actions and task-specific termination logic.,limitation,inference,,,,,,"Inference from admitted mechanism/protocol: paper Abstract and Sec. 3-5; code dynamics/trajworld_dynamics.py:375-515 and mpc/mpc.py:54-126,201-231",0.80
D04-C1,D04,Action-conditioned transformer formulations provide direct paths from action sequences to future outcomes. Future outcomes/rewards used for differentiable policy optimization.,mechanism,direct,,,,,,official PMLR page lines 8-25; paper Sec. 3-5,0.90
D04-C2,D04,Realistic long-horizon control tasks compare transformer world-model variants and policy optimization landscapes.,protocol,direct,,,,,,https://proceedings.mlr.press/v235/ma24i.html | official PMLR page lines 8-25; paper Sec. 3-5,0.88
D04-C3,D04,Its core benefit concerns backpropagated policy gradients; our current planner ranks discrete candidates without differentiating through actions.,limitation,inference,,,,,,Inference from admitted mechanism/protocol: official PMLR page lines 8-25; paper Sec. 3-5,0.80
D05-C1,D05,Continuous states and actions feed probabilistic neural dynamics models. A Gaussian distribution over state changes; bootstrapped ensemble members represent distinct learned dynamics.,mechanism,direct,,,,,,"paper Abstract, Sec. 4 and Algorithm 1; official NeurIPS reviews describe ensemble plus CEM trajectory sampling",0.90
D05-C2,D05,Four continuous-control benchmarks against model-based and model-free baselines; the paper emphasizes interaction count.,protocol,direct,,,,,,"https://proceedings.neurips.cc/paper/2018/hash/3de568f8597b94bda53149c7d7f5958c-Abstract.html | paper Abstract, Sec. 4 and Algorithm 1; official NeurIPS reviews describe ensemble plus CEM trajectory sampling",0.88
D05-C3,D05,"Continuous CEM and Gaussian state dynamics do not map directly to masked discrete phases, and disagreement must be calibrated before acting as a safety signal.",limitation,inference,,,,,,"Inference from admitted mechanism/protocol: paper Abstract, Sec. 4 and Algorithm 1; official NeurIPS reviews describe ensemble plus CEM trajectory sampling",0.80
D06-C1,D06,Continuous states/actions with learned probabilistic dynamics; real replay states seed imagined rollouts. One-step next-state/reward dynamics used to generate short synthetic branches.,mechanism,direct,,,,,,"paper Abstract, Sec. 3-5 and Algorithm 1",0.90
D06-C2,D06,Continuous-control evaluation compares sample efficiency and asymptotic performance against prior MBRL and model-free methods.,protocol,direct,,,,,,"https://proceedings.neurips.cc/paper/2019/hash/5faf461eff3099671ad63c6f3f094f7f-Abstract.html | paper Abstract, Sec. 3-5 and Algorithm 1",0.88
D06-C3,D06,It does not show that minimizing one-step MSE improves counterfactual action ranking in discrete traffic control.,limitation,inference,,,,,,"Inference from admitted mechanism/protocol: paper Abstract, Sec. 3-5 and Algorithm 1",0.80
D07-C1,D07,Offline continuous-control transitions train an ensemble probabilistic dynamics model. Next-state/reward distributions and ensemble variance used as an error proxy.,mechanism,direct,,,,,,paper Abstract and Sec. 4-5; official NeurIPS reviews/meta-review on variance penalty limitations,0.90
D07-C2,D07,D4RL and related-task generalization against offline model-free and model-based baselines.,protocol,direct,,,,,,https://proceedings.neurips.cc/paper/2020/hash/a322852ce0df73e204b7e67cbbef0d0a-Abstract.html | paper Abstract and Sec. 4-5; official NeurIPS reviews/meta-review on variance penalty limitations,0.88
D07-C3,D07,"Ensemble variance can be miscalibrated, and the continuous offline-RL setting differs from near-online CityFlow candidate scoring.",limitation,inference,,,,,,Inference from admitted mechanism/protocol: paper Abstract and Sec. 4-5; official NeurIPS reviews/meta-review on variance penalty limitations,0.80
D08-C1,D08,Offline transitions plus model-generated out-of-support state-action tuples. A learned dynamics model supplies synthetic rollouts; a conservative Q function is regularized on out-of-support tuples.,mechanism,direct,,,,,,"paper Abstract, Sec. 4-5 and Conclusion",0.90
D08-C2,D08,"Offline RL benchmarks, related unseen tasks, and image-based control against model-free and model-based baselines.",protocol,direct,,,,,,"https://proceedings.neurips.cc/paper/2021/hash/f29a179746902e331572c483c45e5086-Abstract.html | paper Abstract, Sec. 4-5 and Conclusion",0.88
D08-C3,D08,Adding a full offline conservative Q learner is a different project scope from the current planner and is not a minimal first change.,limitation,inference,,,,,,"Inference from admitted mechanism/protocol: paper Abstract, Sec. 4-5 and Conclusion",0.80
D09-C1,D09,Offline continuous-control transitions; an uncertainty detector marks unfamiliar state-action inputs. Dynamics inside a pessimistic MDP plus an absorbing negative-reward state for unknown inputs.,mechanism,direct,,,,,,paper Abstract and Sec. 4-5; official NeurIPS reviews on unknown-state-action detector,0.90
D09-C2,D09,Standard offline RL benchmarks with theoretical lower-bound analysis and five-seed experiments noted by reviewers.,protocol,direct,,,,,,https://proceedings.neurips.cc/paper/2020/hash/f7efa4f864ae9b88d43527f4b14f750f-Abstract.html | paper Abstract and Sec. 4-5; official NeurIPS reviews on unknown-state-action detector,0.88
D09-C3,D09,"A binary unknown detector may be too coarse for traffic candidates that differ by one phase, and threshold sensitivity must be measured.",limitation,inference,,,,,,Inference from admitted mechanism/protocol: paper Abstract and Sec. 4-5; official NeurIPS reviews on unknown-state-action detector,0.80
D10-C1,D10,Traffic state vectors and discrete signal actions from an offline replay buffer. A finite empirical MDP: action-conditioned transition matrices and pessimistically shaped rewards over core states.,mechanism,direct,,,,,,"KDD paper Abstract; repo README; ADAC/dac_mdp.py:141-252,285-338,412-502",0.90
D10-C2,D10,A signalized roundabout and a large multi-intersection SUMO environment; offline data are collected from cyclic signal control.,protocol,direct,,,,,,"https://doi.org/10.1145/3580305.3599459 | KDD paper Abstract; repo README; ADAC/dac_mdp.py:141-252,285-338,412-502",0.88
D10-C3,D10,"The repository has no declared license, uses a non-neural finite MDP, and cannot be copied directly.",limitation,inference,,,,,,"Inference from admitted mechanism/protocol: KDD paper Abstract; repo README; ADAC/dac_mdp.py:141-252,285-338,412-502",0.80
D11-C1,D11,"Factorized state variables plus action; the TSC case study is a single three-lane intersection with switch/stay action. One predictor per next-state factor, with inputs masked by a learned causal graph.",mechanism,direct,,,,,,paper Sec. 3-5 and official page; traffic/models/CausalWorldModel.py:9-79,0.90
D11-C2,D11,"Synthetic systems, a single-intersection SUMO task, and MuJoCo tasks.",protocol,direct,,,,,,https://www.ijcai.org/proceedings/2024/591 | paper Sec. 3-5 and official page; traffic/models/CausalWorldModel.py:9-79,0.88
D11-C3,D11,Its TSC experiment has one intersection and binary switch/stay action; causal discovery and prediction error do not prove safe candidate ranking.,limitation,inference,,,,,,Inference from admitted mechanism/protocol: paper Sec. 3-5 and official page; traffic/models/CausalWorldModel.py:9-79,0.80
D12-C1,D12,Multi-intersection observations with adjacency; discrete actions enter a shared encoder-decoder and Q network. Action-conditioned next observation from a decoder; the encoder is shared with a Q network.,mechanism,direct,,,,,,journal Abstract/Introduction; PLight/EDQN.py:20-137 and repository data directories,0.90
D12-C2,D12,Three road-network types and eight flow datasets; within-network flow transfer and cross-network transfer.,protocol,direct,,,,,,https://www.sciencedirect.com/science/article/pii/S0957417425033706 | journal Abstract/Introduction; PLight/EDQN.py:20-137 and repository data directories,0.88
D12-C3,D12,"Repository lacks a declared license; the environmental model is used for transfer similarity, not demonstrated conservative planning.",limitation,inference,,,,,,Inference from admitted mechanism/protocol: journal Abstract/Introduction; PLight/EDQN.py:20-137 and repository data directories,0.80
D13-C1,D13,"Single-intersection lane vehicle counts plus an explicit phase vector representing the selected discrete action. Next lane vehicle counts and reward using GP, ANN, or LSTM environment models.",mechanism,direct,,,,,,"paper Sec. 3-5; intersection_model.py:21-99,171-216 and metalearner.py:64-169",0.90
D13-C2,D13,"Repository provides Hangzhou, Jinan, Atlanta, and Los Angeles scenarios and compares meta-RL/controller variants in the paper.",protocol,direct,,,,,,"https://arxiv.org/abs/2111.08067 | paper Sec. 3-5; intersection_model.py:21-99,171-216 and metalearner.py:64-169",0.88
D13-C3,D13,The action model is local and recursive synthetic data can compound error; the repository uses old TensorFlow/Keras components.,limitation,inference,,,,,,"Inference from admitted mechanism/protocol: paper Sec. 3-5; intersection_model.py:21-99,171-216 and metalearner.py:64-169",0.80
D14-C1,D14,Vehicle-position images and signal-control actions at an intersection. Latent/image traffic dynamics and multi-step imagined samples inspired by DreamerV2.,mechanism,direct,,,,,,official article page lines 16-90 and full paper,0.90
D14-C2,D14,The article reports image prediction and TSC performance against common baselines; exact protocol is not comparable to our structured CityFlow state.,protocol,direct,,,,,,https://www.fitee.zjujournals.com/en/article/doi/10.1631/FITEE.2200323/ | official article page lines 16-90 and full paper,0.88
D14-C3,D14,"Its image state, Dreamer-style controller, and likely compute/data requirements are outside the locked structured-state scope.",limitation,inference,,,,,,Inference from admitted mechanism/protocol: official article page lines 16-90 and full paper,0.80
D15-C1,D15,"Full MDP trajectories containing local and neighbor states, actions, and rewards. A lower transformer models intra-city neighborhood decision interactions; an upper transformer includes a dynamics prediction objective across scenarios.",mechanism,direct,,,,,,"paper Abstract, Sec. 3-5, Fig. 4-7; official IJCAI page",0.90
D15-C2,D15,Multi-scenario training and zero-shot unseen-scenario evaluation against meta-RL and TSC baselines.,protocol,direct,,,,,,"https://www.ijcai.org/proceedings/2024/11 | paper Abstract, Sec. 3-5, Fig. 4-7; official IJCAI page",0.88
D15-C3,D15,"Its dynamics predictor is a representation/meta-learning auxiliary, not evidence that an MPC world model improves MaxPressure.",limitation,inference,,,,,,"Inference from admitted mechanism/protocol: paper Abstract, Sec. 3-5, Fig. 4-7; official IJCAI page",0.80
D16-C1,D16,Traffic decision trajectories with traffic patterns and road-network structures across cities. Pattern-structure-aware trajectory representations and meta-knowledge rather than an explicit next-state MPC dynamics model.,mechanism,direct,,,,,,paper Abstract and Sec. 3-5; KDD DOI 10.1145/3637528.3671927,0.90
D16-C2,D16,Cross-city offline-to-online transfer against cross-city and offline/online RL baselines.,protocol,direct,,,,,,https://doi.org/10.1145/3637528.3671927 | paper Abstract and Sec. 3-5; KDD DOI 10.1145/3637528.3671927,0.88
D16-C3,D16,"Cross-city gains may come from representation and online adaptation, not world-model prediction.",limitation,inference,,,,,,Inference from admitted mechanism/protocol: paper Abstract and Sec. 3-5; KDD DOI 10.1145/3637528.3671927,0.80
D17-C1,D17,"Lane flow, green/phase features, road relations, and local discrete phase actions. Predict phase impact and outgoing road volumes that become neighbor inputs.",mechanism,direct,,,,,,official IJCAI page; rl/models/innerModels/NewModel.py:8-78 and rl/agents/NewModelAgent.py:61-153,0.90
D17-C2,D17,"CityFlow Jinan, Hangzhou, New York, and two Shanghai datasets; the repository warns its CityFlow travel-time definition differs from upstream.",protocol,direct,,,,,,https://www.ijcai.org/proceedings/2022/535 | official IJCAI page; rl/models/innerModels/NewModel.py:8-78 and rl/agents/NewModelAgent.py:61-153,0.88
D17-C3,D17,Repository metric semantics differ from upstream CityFlow and outputs are not conditioned on all neighbors' simultaneous selected actions.,limitation,inference,,,,,,Inference from admitted mechanism/protocol: official IJCAI page; rl/models/innerModels/NewModel.py:8-78 and rl/agents/NewModelAgent.py:61-153,0.80
D18-C1,D18,Multi-intersection observations and synchronous joint traffic-light actions. Traffic after agents' synchronous actions and corresponding action values.,mechanism,direct,,,,,,official IJCAI page Abstract; paper Sec. 3-5,0.90
D18-C2,D18,Synthetic and real-world TSC datasets against contemporary multi-agent TSC baselines.,protocol,direct,,,,,,https://www.ijcai.org/proceedings/2020/345 | official IJCAI page Abstract; paper Sec. 3-5,0.88
D18-C3,D18,The method corrects learned action values; it does not isolate multi-step model ranking versus MaxPressure.,limitation,inference,,,,,,Inference from admitted mechanism/protocol: official IJCAI page Abstract; paper Sec. 3-5,0.80
D19-C1,D19,"Real-time flow and fine-grained road topology define dynamically learned intersection groups. Group assignments and group-shared value/control representations, not environment transitions.",mechanism,direct,,,,,,"paper Sec. 5, Fig. 7, Tables 3-4; official IJCAI page",0.90
D19-C2,D19,"Synthetic and real networks up to 1,089 intersections; baselines include FixedTime, MaxPressure, IntelliLight, CoLight, and MPLight.",protocol,direct,,,,,,"https://www.ijcai.org/proceedings/2023/23 | paper Sec. 5, Fig. 7, Tables 3-4; official IJCAI page",0.88
D19-C3,D19,"The gain is a controller/grouping result, not evidence for learned dynamics; scale and metric definitions must be replicated before numeric comparison.",limitation,inference,,,,,,"Inference from admitted mechanism/protocol: paper Sec. 5, Fig. 7, Tables 3-4; official IJCAI page",0.80
D20-C1,D20,Lane pressure/queue information and discrete signal phases. Action values and cumulative pressure-based reward; no environment transition model.,mechanism,direct,,,,,,KDD paper Sec. 3-5; LibSignal Appendix A.6.1-A.6.4,0.90
D20-C2,D20,Arterial and network traffic scenarios against transportation and RL baselines.,protocol,direct,,,,,,https://doi.org/10.1145/3292500.3330949 | KDD paper Sec. 3-5; LibSignal Appendix A.6.1-A.6.4,0.88
D20-C3,D20,"It does not test a world model, but omitting it would make a new TSC method comparison incomplete.",limitation,inference,,,,,,Inference from admitted mechanism/protocol: KDD paper Sec. 3-5; LibSignal Appendix A.6.1-A.6.4,0.80
D21-C1,D21,"Per-intersection traffic features, graph neighbors, and discrete phases. Graph-attention features and Q values, not next traffic state.",mechanism,direct,,,,,,CIKM paper Sec. 3-5; LibSignal model/benchmark discussion,0.90
D21-C2,D21,Multiple synthetic and real traffic networks; reimplemented in LibSignal for cross-simulator comparison.,protocol,direct,,,,,,https://doi.org/10.1145/3357384.3357902 | CIKM paper Sec. 3-5; LibSignal model/benchmark discussion,0.88
D21-C3,D21,State communication alone cannot tell whether neighbors' selected actions causally change a candidate rollout.,limitation,inference,,,,,,Inference from admitted mechanism/protocol: CIKM paper Sec. 3-5; LibSignal model/benchmark discussion,0.80
D22-C1,D22,Historical sensor traffic features on a road-network graph; no signal-control action. A direct future sequence of traffic volume or speed using encoder-decoder attention.,mechanism,direct,,,,,,official AAAI page Abstract; paper Fig. 1 and Sec. 3-4,0.90
D22-C2,D22,Two real-world traffic volume/speed datasets; reports up to 4% MAE improvement at one hour.,protocol,direct,,,,,,https://ojs.aaai.org/index.php/AAAI/article/view/5477 | official AAAI page Abstract; paper Fig. 1 and Sec. 3-4,0.88
D22-C3,D22,"Without signal actions, it cannot rank counterfactual phase plans and must not be presented as a World Model controller baseline.",limitation,inference,,,,,,Inference from admitted mechanism/protocol: official AAAI page Abstract; paper Fig. 1 and Sec. 3-4,0.80
D23-C1,D23,Historical traffic flows on a road graph; no signal action. Future flow generated through a latent potential-energy differential equation network.,mechanism,direct,,,,,,official AAAI page Abstract; paper Sec. 3-5,0.90
D23-C2,D23,Three Beijing datasets against traffic forecasting baselines plus a physical-meaning case study.,protocol,direct,,,,,,https://ojs.aaai.org/index.php/AAAI/article/view/20322 | official AAAI page Abstract; paper Sec. 3-5,0.88
D23-C3,D23,The latent potential formulation is not directly linked to CityFlow movement conservation under changing phases.,limitation,inference,,,,,,Inference from admitted mechanism/protocol: official AAAI page Abstract; paper Sec. 3-5,0.80
D24-C1,D24,Grid or graph spatio-temporal observations across more than 20 scenarios; no control action. Future spatio-temporal fields through masked pretraining and knowledge-guided prompt tuning.,mechanism,direct,,,,,,KDD paper Abstract and Sec. 3-5; repository README pretraining/prompt-tuning protocol,0.90
D24-C2,D24,"More than 20 urban spatio-temporal scenarios with full-data, few-shot, and zero-shot prediction comparisons.",protocol,direct,,,,,,https://doi.org/10.1145/3637528.3671662 | KDD paper Abstract and Sec. 3-5; repository README pretraining/prompt-tuning protocol,0.88
D24-C3,D24,Repository declares no license and its input/output formats do not represent phase-conditioned counterfactual dynamics.,limitation,inference,,,,,,Inference from admitted mechanism/protocol: KDD paper Abstract and Sec. 3-5; repository README pretraining/prompt-tuning protocol,0.80
D25-C1,D25,"Unified World/Intersection/Generator interfaces expose lane counts, waiting, pressure, phase, and heterogeneous action spaces. Benchmark infrastructure, not a learned environment model.",mechanism,direct,,,,,,"official journal lines 38-40,122-128,245-326; Appendix A.2-A.8",0.90
D25-C2,D25,"CityFlow and SUMO, nine calibrated datasets, model reimplementations, standard deviations, and convergence comparisons.",protocol,direct,,,,,,"https://link.springer.com/article/10.1007/s10994-023-06412-y | official journal lines 38-40,122-128,245-326; Appendix A.2-A.8",0.88
D25-C3,D25,"A library benchmark does not remove differences in phase definitions, flow files, reward, or simulator forks; each comparison contract still needs validation.",limitation,inference,,,,,,"Inference from admitted mechanism/protocol: official journal lines 38-40,122-128,245-326; Appendix A.2-A.8",0.80
D26-C1,D26,Concise traffic state and pressure-related reward grounded in classical traffic theory. Model-free action values; no learned transition model.,mechanism,direct,,,,,,arXiv Abstract and Sec. 3-5,0.90
D26-C2,D26,"Synthetic and real TSC datasets against contemporary methods, with targeted state/reward analysis.",protocol,direct,,,,,,https://arxiv.org/abs/1905.04716 | arXiv Abstract and Sec. 3-5,0.88
D26-C3,D26,"It is a preprint and does not test multi-step learned dynamics, but it is an important falsifier of complexity-for-complexity's-sake.",limitation,inference,,,,,,Inference from admitted mechanism/protocol: arXiv Abstract and Sec. 3-5,0.80
