paper_id,title,year,venue,publication_status,layer,motivation,state_action,prediction_targets,training_horizon,planning,uncertainty_safety,protocol_baselines,result_summary,limitation,traffic_inspiration,evidence_pointer,formal_url,pdf_url,code_url,license,deep_read_status
D01,"TD-MPC2: Scalable, Robust World Models for Continuous Control",2024,ICLR 2024 (Spotlight),formal_main_track,general_world_model;multi_step_planning,Make latent world-model control robust and scalable across many continuous-control tasks without task-specific tuning.,Vector or image observation encoded to a latent state; continuous action is concatenated into latent dynamics and reward prediction.,"Next latent state, reward, termination, policy prior, and an ensemble of Q estimates.","Multi-step latent consistency, reward, termination, and value losses with rho-based temporal weighting.",MPPI/CEM-like receding-horizon latent planning; mixes policy-prior trajectories with sampled trajectories and adds terminal Q.,"Multiple Q heads use clipped/min or average aggregation, but this is value conservatism rather than a calibrated dynamics ensemble or a traffic safety fallback.","104 continuous-control tasks across four domains; compares model-based and model-free methods including TD-MPC, DreamerV3, and SAC.",The paper reports strong fixed-hyperparameter performance and scaling to a 317M-parameter multi-task agent; these results do not establish discrete TSC performance.,The action space and planner are continuous; direct application to heterogeneous discrete phase masks and coupled intersection actions is not established.,"Reuse the loss decomposition and terminal-value pattern, not the continuous MPPI action parameterization.","paper Abstract, Sec. 3-4 and Fig. 1; code tdmpc2/common/world_model.py:26-30,114-215 and tdmpc2/tdmpc2.py:123-203,268-303",https://openreview.net/forum?id=Oxh5CstDJU,https://openreview.net/pdf?id=Oxh5CstDJU,https://github.com/nicklashansen/tdmpc2,MIT,complete_primary_source_and_method_path
D02,Mastering Diverse Control Tasks through World Models (DreamerV3),2025,Nature 640,formal_journal,general_world_model;imagined_policy_learning,Build one robust world-model RL algorithm that works across diverse tasks with fixed hyperparameters.,Images or vector observations are encoded into recurrent discrete latent states conditioned on previous actions.,"Observation reconstruction, reward, continuation, latent dynamics; separate actor and distributional critic learn on imagined states.",Sequence world-model training and imagined actor-critic rollouts with value bootstrapping.,A learned actor selects actions at execution; the model supplies imagined trajectories for actor and critic training rather than online candidate MPC.,"Robust normalization, free bits, KL balancing, and distributional value prediction; no explicit ensemble disagreement or MaxPressure-style fallback.",More than 150 tasks across eight domains with fixed hyperparameters; the paper includes ablations of model signals and robustness techniques.,The article reports broad fixed-configuration performance and shows that several robustness components matter on subsets of tasks.,The full actor-critic system is a large architectural change and provides no direct evidence for CityFlow structured states or discrete joint phase planning.,Reward/continuation/value heads and sequence training support the multi-step hypothesis; wholesale migration is out of scope.,"article Fig. 1, Learning algorithm, World model learning, Critic learning, Evaluation and Fig. 6; code dreamerv3/agent.py:156-244,382-482",https://www.nature.com/articles/s41586-025-08744-2,https://www.nature.com/articles/s41586-025-08744-2.pdf,https://github.com/danijar/dreamerv3,MIT,complete_primary_source_and_method_path
D03,Trajectory World Models for Heterogeneous Environments,2025,ICML 2025,formal_main_track,general_world_model;heterogeneous_pretraining,Pretrain one low-dimensional world model despite different sensor and actuator schemas across environments.,"Tokenized trajectory variables with observation/action indicators, padding masks, and variable masks.",Distributional next observation and reward; environment termination is supplied by task-specific termination functions.,Autoregressive trajectory training over context windows; pretraining masks variables to support heterogeneous schemas.,Online MPC evaluates proposed action sequences with the learned trajectory model; policy proposals can seed candidates.,"Distribution entropy, confidence, prediction standard deviation, or kNN distance can penalize reward; these are not all calibrated epistemic uncertainty.","UniTraj contains over one million trajectories from 80 environments; evaluation covers transition prediction, off-policy evaluation, and online MPC.","The official ICML page reports gains in all three evaluation uses, but no traffic-signal environment is included.",No repository license is declared and the provided MPC assumes continuous actions and task-specific termination logic.,Intersection/roadnet masks can play the role of heterogeneous variable indicators; pretraining should be tested only after within-city dynamics is reliable.,"paper Abstract and Sec. 3-5; code dynamics/trajworld_dynamics.py:375-515 and mpc/mpc.py:54-126,201-231",https://proceedings.mlr.press/v267/yin25f.html,https://raw.githubusercontent.com/mlresearch/v267/main/assets/yin25f/yin25f.pdf,https://github.com/thuml/TrajWorld,NOASSERTION,complete_primary_source_and_method_path
D04,Do Transformer World Models Give Better Policy Gradients?,2024,ICML 2024,formal_main_track,general_world_model;action_conditioning,Long-horizon policy gradients through common world models can follow circuitous and hard-to-optimize computational paths.,Action-conditioned transformer formulations provide direct paths from action sequences to future outcomes.,Future outcomes/rewards used for differentiable policy optimization.,Long-horizon action-conditioned modeling designed around gradient-path structure.,"Differentiable policy-gradient optimization through the action-conditioned model, not discrete candidate enumeration.",No central calibrated uncertainty or fallback mechanism in the core claim.,Realistic long-horizon control tasks compare transformer world-model variants and policy optimization landscapes.,The paper reports that its action-conditioned models produce easier optimization landscapes and better policies than competitive baselines.,Its core benefit concerns backpropagated policy gradients; our current planner ranks discrete candidates without differentiating through actions.,"The useful translation is explicit joint-action-to-future conditioning, not the policy-gradient claim itself.",official PMLR page lines 8-25; paper Sec. 3-5,https://proceedings.mlr.press/v235/ma24i.html,https://raw.githubusercontent.com/mlresearch/v235/main/assets/ma24i/ma24i.pdf,not_confirmed,not_confirmed,complete_primary_source_and_method_path
D05,Deep Reinforcement Learning in a Handful of Trials using Probabilistic Dynamics Models,2018,NeurIPS 2018,formal_main_track,uncertainty_mpc;ensemble,Improve model-based RL sample efficiency without giving up asymptotic control performance.,Continuous states and actions feed probabilistic neural dynamics models.,A Gaussian distribution over state changes; bootstrapped ensemble members represent distinct learned dynamics.,One-step probabilistic models are propagated by trajectory sampling through the planning horizon.,Cross-entropy method searches action sequences and executes the first action in MPC fashion.,Aleatoric uncertainty comes from predictive distributions and epistemic uncertainty from ensemble disagreement.,Four continuous-control benchmarks against model-based and model-free baselines; the paper emphasizes interaction count.,The official abstract reports matching model-free asymptotic performance on several tasks with many fewer samples.,"Continuous CEM and Gaussian state dynamics do not map directly to masked discrete phases, and disagreement must be calibrated before acting as a safety signal.",Train independently bootstrapped traffic dynamics heads and test whether disagreement predicts candidate ranking error.,"paper Abstract, Sec. 4 and Algorithm 1; official NeurIPS reviews describe ensemble plus CEM trajectory sampling",https://proceedings.neurips.cc/paper/2018/hash/3de568f8597b94bda53149c7d7f5958c-Abstract.html,https://proceedings.neurips.cc/paper_files/paper/2018/file/3de568f8597b94bda53149c7d7f5958c-Paper.pdf,https://github.com/kchua/handful-of-trials,MIT,complete_primary_source_and_method_path
D06,When to Trust Your Model: Model-Based Policy Optimization,2019,NeurIPS 2019,formal_main_track,multi_step_planning;model_bias,Balance cheap model-generated data against bias that grows with model rollout length.,Continuous states/actions with learned probabilistic dynamics; real replay states seed imagined rollouts.,One-step next-state/reward dynamics used to generate short synthetic branches.,Short model rollouts branch from real data; rollout horizon is a controlled source of bias.,Uses model data to train a policy rather than performing online candidate MPC.,"The main safeguard is deliberately short model use tied to empirical model generalization, not a deployment fallback.",Continuous-control evaluation compares sample efficiency and asymptotic performance against prior MBRL and model-free methods.,The official abstract reports that short branched rollouts retain gains while avoiding failure at long horizons.,It does not show that minimizing one-step MSE improves counterfactual action ranking in discrete traffic control.,Treat rollout horizon as an ablation and prefer real-state-rooted counterfactual evaluation over unrestricted synthetic trajectories.,"paper Abstract, Sec. 3-5 and Algorithm 1",https://proceedings.neurips.cc/paper/2019/hash/5faf461eff3099671ad63c6f3f094f7f-Abstract.html,https://proceedings.neurips.cc/paper/2019/file/5faf461eff3099671ad63c6f3f094f7f-Paper.pdf,https://github.com/jannerm/mbpo,MIT,complete_primary_source_and_method_path
D07,MOPO: Model-based Offline Policy Optimization,2020,NeurIPS 2020,formal_main_track,uncertainty_mpc;offline_pessimism,Prevent an offline policy from exploiting learned dynamics outside the logged data distribution.,Offline continuous-control transitions train an ensemble probabilistic dynamics model.,Next-state/reward distributions and ensemble variance used as an error proxy.,Synthetic model rollouts augment offline policy learning under a penalized reward.,Optimizes a policy in an uncertainty-penalized learned MDP.,Subtracts a model-uncertainty penalty to approximate a lower bound on true return.,D4RL and related-task generalization against offline model-free and model-based baselines.,"The official paper reports stronger benchmark and related-task results, but reviews note that the practical Gaussian variance penalty is not identical to the theoretical error term.","Ensemble variance can be miscalibrated, and the continuous offline-RL setting differs from near-online CityFlow candidate scoring.",Use lower-confidence candidate scores only if uncertainty is empirically calibrated against true CityFlow ranking error.,paper Abstract and Sec. 4-5; official NeurIPS reviews/meta-review on variance penalty limitations,https://proceedings.neurips.cc/paper/2020/hash/a322852ce0df73e204b7e67cbbef0d0a-Abstract.html,https://proceedings.neurips.cc/paper/2020/file/a322852ce0df73e204b7e67cbbef0d0a-Paper.pdf,https://github.com/tianheyu927/mopo,MIT,complete_primary_source_and_method_path
D08,COMBO: Conservative Offline Model-Based Policy Optimization,2021,NeurIPS 2021,formal_main_track,offline_pessimism;value_regularization,Explicit neural-model uncertainty can be inaccurate and cause poor offline model-based RL performance.,Offline transitions plus model-generated out-of-support state-action tuples.,A learned dynamics model supplies synthetic rollouts; a conservative Q function is regularized on out-of-support tuples.,Model rollouts generate training data for value learning rather than serving only as an MPC score.,Policy optimization uses conservative values without requiring explicit uncertainty at decision time.,"Conservatism is imposed in the value function, avoiding reliance on a possibly unreliable uncertainty estimator.","Offline RL benchmarks, related unseen tasks, and image-based control against model-free and model-based baselines.",The paper reports competitive or stronger results and a policy-improvement guarantee under its assumptions.,Adding a full offline conservative Q learner is a different project scope from the current planner and is not a minimal first change.,Keep as a fallback if ensemble calibration fails; do not assume disagreement is automatically trustworthy.,"paper Abstract, Sec. 4-5 and Conclusion",https://proceedings.neurips.cc/paper/2021/hash/f29a179746902e331572c483c45e5086-Abstract.html,https://proceedings.neurips.cc/paper/2021/file/f29a179746902e331572c483c45e5086-Paper.pdf,not_confirmed,not_confirmed,complete_primary_source_and_method_path
D09,MOReL: Model-Based Offline Reinforcement Learning,2020,NeurIPS 2020,formal_main_track,offline_pessimism;unknown_state_action,Provide a model-based offline RL framework whose learned surrogate discourages unknown state-action regions.,Offline continuous-control transitions; an uncertainty detector marks unfamiliar state-action inputs.,Dynamics inside a pessimistic MDP plus an absorbing negative-reward state for unknown inputs.,Policy learning occurs in the pessimistic learned MDP.,Any near-optimal policy solver can be used in the pessimistic MDP.,Unknown state-action detection routes risky transitions to a strongly penalized absorbing state.,Standard offline RL benchmarks with theoretical lower-bound analysis and five-seed experiments noted by reviewers.,The official paper reports matching or exceeding contemporary offline RL baselines under its benchmark protocol.,"A binary unknown detector may be too coarse for traffic candidates that differ by one phase, and threshold sensitivity must be measured.","A support gate is conceptually closer to MaxPressure fallback than unconstrained model search, but must be defined on trajectory data rather than invented heuristics.",paper Abstract and Sec. 4-5; official NeurIPS reviews on unknown-state-action detector,https://proceedings.neurips.cc/paper/2020/hash/f7efa4f864ae9b88d43527f4b14f750f-Abstract.html,https://proceedings.neurips.cc/paper/2020/file/f7efa4f864ae9b88d43527f4b14f750f-Paper.pdf,not_confirmed,not_confirmed,complete_primary_source_and_method_path
D10,Optimizing Traffic Control with Model-Based Learning: A Pessimistic Approach to Data-Efficient Policy Inference,2023,KDD 2023,formal_main_track,tsc_model_based;offline_pessimism,Learn traffic-signal policies from cheaply collected cyclic-control data while managing offline distribution shift.,Traffic state vectors and discrete signal actions from an offline replay buffer.,A finite empirical MDP: action-conditioned transition matrices and pessimistically shaped rewards over core states.,Value iteration solves the inferred MDP; nearest-neighbor transitions connect logged and evaluation states.,Policy inference uses the solved finite MDP rather than neural multi-step candidate rollout.,Distance from logged neighbors subtracts a fixed or adaptive cost from reward for OOD states/actions.,A signalized roundabout and a large multi-intersection SUMO environment; offline data are collected from cyclic signal control.,The paper and repository describe data-efficient traffic control with pessimistic costs; exact table values are not reused here because the accessible supporting document protocol differs from our CityFlow setup.,"The repository has no declared license, uses a non-neural finite MDP, and cannot be copied directly.","The closest direct evidence for penalizing distance from traffic data support; compare its gate conceptually, not its implementation.","KDD paper Abstract; repo README; ADAC/dac_mdp.py:141-252,285-338,412-502",https://doi.org/10.1145/3580305.3599459,repository Supporting Document.pdf,https://github.com/siddarth-c/KDD23-ADAC,NOASSERTION,complete_primary_source_and_method_path
D11,Boosting Efficiency in Task-Agnostic Exploration through Causal Knowledge,2024,IJCAI 2024,formal_main_track,causal_world_model;tsc_case_study,Collect data that improves task-agnostic world models more efficiently by learning and exploiting causal structure.,Factorized state variables plus action; the TSC case study is a single three-lane intersection with switch/stay action.,"One predictor per next-state factor, with inputs masked by a learned causal graph.",Online one-step world-model fitting and intrinsic exploration rewards based on prediction error/data usefulness.,The world model guides exploration; it is not used as a multi-intersection deployment MPC controller.,"Prediction error becomes intrinsic reward; no ensemble, OOD lower bound, or fallback.","Synthetic systems, a single-intersection SUMO task, and MuJoCo tasks.",The IJCAI page reports improved sample efficiency and reliability under its task-agnostic exploration setting.,Its TSC experiment has one intersection and binary switch/stay action; causal discovery and prediction error do not prove safe candidate ranking.,Use known phase-movement topology as a supervised structural prior before attempting causal discovery.,paper Sec. 3-5 and official page; traffic/models/CausalWorldModel.py:9-79,https://www.ijcai.org/proceedings/2024/591,https://www.ijcai.org/proceedings/2024/0591.pdf,https://github.com/CMACH508/CausalExploration,NOASSERTION,complete_primary_source_and_method_path
D12,Enhancing Traffic Signal Control through Model-Based Reinforcement Learning and Policy Reuse,2026,Expert Systems with Applications 298,formal_journal,tsc_model_based;transfer,Reduce retraining when traffic flows or road networks change.,Multi-intersection observations with adjacency; discrete actions enter a shared encoder-decoder and Q network.,Action-conditioned next observation from a decoder; the encoder is shared with a Q network.,One-step transition prediction jointly learned with control; PRLight reuses source policies based on source-target similarity.,"Q-network control and policy reuse, not online MPC candidate ranking.",Similarity-weighted policy selection; no calibrated ensemble or MaxPressure fallback.,Three road-network types and eight flow datasets; within-network flow transfer and cross-network transfer.,The journal page reports faster adaptation and compares joint model-policy learning through ablation.,"Repository lacks a declared license; the environmental model is used for transfer similarity, not demonstrated conservative planning.",Reuse action-conditioned decoder and cross-flow protocol ideas; independently test whether similarity helps before heterogeneous pretraining.,journal Abstract/Introduction; PLight/EDQN.py:20-137 and repository data directories,https://www.sciencedirect.com/science/article/pii/S0957417425033706,subscription_or_author_copy,https://github.com/RL-DLMU/PRLight-and-PLight,NOASSERTION,complete_primary_source_and_method_path
D13,ModelLight: Model-Based Meta-Reinforcement Learning for Traffic Signal Control,2021,arXiv:2111.08067,preprint,tsc_model_based;meta_rl,Adapt TSC policies to new traffic scenarios with fewer real simulator samples.,Single-intersection lane vehicle counts plus an explicit phase vector representing the selected discrete action.,"Next lane vehicle counts and reward using GP, ANN, or LSTM environment models.",One-step model fitting followed by recursively generated imaginary transitions for meta-RL updates.,The model expands training data; execution uses a learned Q policy rather than online MPC.,"No ensemble disagreement, OOD support test, or rule-based fallback in the inspected core path.","Repository provides Hangzhou, Jinan, Atlanta, and Los Angeles scenarios and compares meta-RL/controller variants in the paper.","Because this is an arXiv preprint, it is retained as direct TSC mechanism evidence but not treated as top-venue validation.",The action model is local and recursive synthetic data can compound error; the repository uses old TensorFlow/Keras components.,"It directly validates using a phase vector rather than an arbitrary action id, supporting phase-movement semantics.","paper Sec. 3-5; intersection_model.py:21-99,171-216 and metalearner.py:64-169",https://arxiv.org/abs/2111.08067,https://arxiv.org/pdf/2111.08067,https://github.com/XingshuaiHuang/ModelLight,MIT,complete_primary_source_and_method_path
D14,Image-Based Traffic Signal Control via World Models,2022,Frontiers of Information Technology & Electronic Engineering 23(12),formal_journal,tsc_world_model;image_boundary,Use predictive traffic representations for proactive rather than purely reactive signal control.,Vehicle-position images and signal-control actions at an intersection.,Latent/image traffic dynamics and multi-step imagined samples inspired by DreamerV2.,Multi-step imagined data train a controller; the controller acts directly at execution.,World-model imagination supports policy optimization rather than executing video MPC online.,No ensemble calibration or conservative fallback is established on the official page.,The article reports image prediction and TSC performance against common baselines; exact protocol is not comparable to our structured CityFlow state.,The official abstract reports improved control and accurate image prediction in its setting.,"Its image state, Dreamer-style controller, and likely compute/data requirements are outside the locked structured-state scope.","Confirms that multi-step world-model imagination has been tried in TSC, so generic 'first World Model for traffic lights' is not a valid gap.",official article page lines 16-90 and full paper,https://www.fitee.zjujournals.com/en/article/doi/10.1631/FITEE.2200323/,official page PDF link,not_confirmed,not_confirmed,complete_primary_source_and_method_path
D15,X-Light: Cross-City Traffic Signal Control Using Transformer on Transformer as Meta Multi-Agent Reinforcement Learner,2024,IJCAI 2024,formal_main_track,cross_city;multi_agent_tsc,Transfer multi-agent TSC policies across cities rather than retraining each network from scratch.,"Full MDP trajectories containing local and neighbor states, actions, and rewards.",A lower transformer models intra-city neighborhood decision interactions; an upper transformer includes a dynamics prediction objective across scenarios.,Trajectory-level meta-training across multiple scenarios/cities.,Learned actor/controller; not a learned environment used to score online candidates.,No ensemble disagreement or MaxPressure fallback in the central method.,Multi-scenario training and zero-shot unseen-scenario evaluation against meta-RL and TSC baselines.,The official IJCAI page reports +7.91% average zero-shot improvement and up to +16.3% in some cases under its protocol.,"Its dynamics predictor is a representation/meta-learning auxiliary, not evidence that an MPC world model improves MaxPressure.",Use full state-action-reward neighborhood trajectories for cross-city pretraining only after action-conditioned dynamics passes within-city tests.,"paper Abstract, Sec. 3-5, Fig. 4-7; official IJCAI page",https://www.ijcai.org/proceedings/2024/11,https://www.ijcai.org/proceedings/2024/0011.pdf,not_confirmed,not_confirmed,complete_primary_source_and_method_path
D16,CrossLight: Offline-to-Online Reinforcement Learning for Cross-City Traffic Signal Control,2024,KDD 2024,formal_main_track,cross_city;offline_to_online,Use source-city offline trajectories to initialize efficient online adaptation in a new city.,Traffic decision trajectories with traffic patterns and road-network structures across cities.,Pattern-structure-aware trajectory representations and meta-knowledge rather than an explicit next-state MPC dynamics model.,Offline meta-training followed by online target-city adaptation.,"Policy optimization/adaptation, not candidate trajectory evaluation.",No central dynamics ensemble or rule-based fallback.,Cross-city offline-to-online transfer against cross-city and offline/online RL baselines.,Formal KDD publication establishes a recent cross-city comparison point; its metrics must not be merged with single-flow CityFlow results.,"Cross-city gains may come from representation and online adaptation, not world-model prediction.",A future heterogeneous pretraining claim must compare against CrossLight/X-Light rather than only single-city controllers.,paper Abstract and Sec. 3-5; KDD DOI 10.1145/3637528.3671927,https://doi.org/10.1145/3637528.3671927,https://zhoujingbo.github.io/paper/2024CrossLightKDD.pdf,not_confirmed,not_confirmed,complete_primary_source_and_method_path
D17,Multi-Agent Reinforcement Learning for Traffic Signal Control through Universal Communication Method,2022,IJCAI 2022,formal_main_track,multi_agent_tsc;neighbor_impact,Communicate information that is important to neighboring intersections rather than sharing observations heuristically.,"Lane flow, green/phase features, road relations, and local discrete phase actions.",Predict phase impact and outgoing road volumes that become neighbor inputs.,Auxiliary one-step phase/volume prediction losses are trained with DQN control.,DQN chooses phases; predictions form communication features rather than a candidate MPC score.,No ensemble or conservative fallback.,"CityFlow Jinan, Hangzhou, New York, and two Shanghai datasets; the repository warns its CityFlow travel-time definition differs from upstream.",The official IJCAI page reports universal gains when UniComm is added to existing methods and stronger UniLight performance.,Repository metric semantics differ from upstream CityFlow and outputs are not conditioned on all neighbors' simultaneous selected actions.,Predict movement-level outgoing volumes and route them along road relations; preserve our simulator's metric contract.,official IJCAI page; rl/models/innerModels/NewModel.py:8-78 and rl/agents/NewModelAgent.py:61-153,https://www.ijcai.org/proceedings/2022/535,https://www.ijcai.org/proceedings/2022/0535.pdf,https://github.com/zyr17/UniLight,MIT,complete_primary_source_and_method_path
D18,MaCAR: Urban Traffic Light Control via Active Multi-Agent Communication and Action Rectification,2020,IJCAI 2020,formal_main_track,multi_agent_tsc;joint_action,Independent synchronous intersection actions can conflict and bias local action values.,Multi-intersection observations and synchronous joint traffic-light actions.,Traffic after agents' synchronous actions and corresponding action values.,Traffic forecasting and action-value rectification are coupled to multi-agent RL training.,Predictions rectify future actions instead of running a standalone world-model MPC.,No explicit epistemic uncertainty or fallback.,Synthetic and real-world TSC datasets against contemporary multi-agent TSC baselines.,The official IJCAI page reports improvement over state-of-the-art methods in its protocol.,The method corrects learned action values; it does not isolate multi-step model ranking versus MaxPressure.,Strongest direct precedent for explicitly conditioning traffic predictions on synchronous neighboring actions.,official IJCAI page Abstract; paper Sec. 3-5,https://www.ijcai.org/proceedings/2020/345,https://www.ijcai.org/proceedings/2020/0345.pdf,not_confirmed,not_confirmed,complete_primary_source_and_method_path
D19,GPLight: Grouped Multi-Agent Reinforcement Learning for Large-Scale Traffic Signal Control,2023,IJCAI 2023,formal_main_track,multi_agent_tsc;large_scale,Balance per-intersection heterogeneity against parameter and optimization cost in large networks.,Real-time flow and fine-grained road topology define dynamically learned intersection groups.,"Group assignments and group-shared value/control representations, not environment transitions.",End-to-end MARL with mutual-information and group-separation objectives.,QMIX-style grouped policy learning.,No world-model uncertainty or fallback.,"Synthetic and real networks up to 1,089 intersections; baselines include FixedTime, MaxPressure, IntelliLight, CoLight, and MPLight.","Table 3 reports 735.51 s on Grid33x33-Bi versus 2171.13 for MaxPressure, but this large-network protocol is not directly comparable to our Jinan run.","The gain is a controller/grouping result, not evidence for learned dynamics; scale and metric definitions must be replicated before numeric comparison.",Use as a strong large-network RL boundary and as evidence that static parameter sharing may miss intersection heterogeneity.,"paper Sec. 5, Fig. 7, Tables 3-4; official IJCAI page",https://www.ijcai.org/proceedings/2023/23,https://www.ijcai.org/proceedings/2023/0023.pdf,not_confirmed,not_confirmed,complete_primary_source_and_method_path
D20,PressLight: Learning Max Pressure Control to Coordinate Traffic Signals in Arterial Network,2019,KDD 2019,formal_main_track,strong_baseline;pressure_rl,Tie RL state/reward design to max-pressure traffic theory rather than ad-hoc reward engineering.,Lane pressure/queue information and discrete signal phases.,Action values and cumulative pressure-based reward; no environment transition model.,Model-free value learning over simulator interactions.,Greedy phase selection from learned Q values.,No learned-model uncertainty; pressure semantics provide the domain prior.,Arterial and network traffic scenarios against transportation and RL baselines.,"LibSignal later finds PressLight among the most stable/sample-efficient agents under unified comparisons, reinforcing its baseline role.","It does not test a world model, but omitting it would make a new TSC method comparison incomplete.",Preserve pressure/movement semantics in the model and include PressLight or an equivalent pressure-RL implementation as a strong learned baseline.,KDD paper Sec. 3-5; LibSignal Appendix A.6.1-A.6.4,https://doi.org/10.1145/3292500.3330949,author_or_acm_copy,https://github.com/wingsweihua/presslight,not_reaudited,complete_primary_source_and_method_path
D21,CoLight: Learning Network-Level Cooperation for Traffic Signal Control,2019,CIKM 2019,formal_main_track,strong_baseline;graph_coordination,Learn network-level coordination by selecting influential neighboring intersections.,"Per-intersection traffic features, graph neighbors, and discrete phases.","Graph-attention features and Q values, not next traffic state.",Model-free multi-agent value learning.,Learned per-intersection decisions with graph attention.,No world-model uncertainty or fallback.,Multiple synthetic and real traffic networks; reimplemented in LibSignal for cross-simulator comparison.,"Formal publication and unified reimplementation make it a graph-coordination baseline, not a source of world-model claims.",State communication alone cannot tell whether neighbors' selected actions causally change a candidate rollout.,Compare action-semantic world models against graph-attention controllers to separate prediction gains from generic graph modeling gains.,CIKM paper Sec. 3-5; LibSignal model/benchmark discussion,https://doi.org/10.1145/3357384.3357902,author_or_acm_copy,https://github.com/wingsweihua/colight,not_reaudited,complete_primary_source_and_method_path
D22,GMAN: A Graph Multi-Attention Network for Traffic Prediction,2020,AAAI 2020,formal_main_track,graph_dynamics;multi_step_prediction,Reduce long-horizon traffic forecasting error caused by complex spatial and temporal dependence.,Historical sensor traffic features on a road-network graph; no signal-control action.,A direct future sequence of traffic volume or speed using encoder-decoder attention.,Direct multi-step sequence prediction with transform attention from history to future slots.,No controller or action-conditioned planning.,Deterministic predictions; no model-based control safety layer.,Two real-world traffic volume/speed datasets; reports up to 4% MAE improvement at one hour.,The direct future decoder is evidence against assuming recursive one-step rollout is the only multi-step design.,"Without signal actions, it cannot rank counterfactual phase plans and must not be presented as a World Model controller baseline.","Test direct 1-5-step prediction as an alternative to recursive rollout, while injecting actions at every future step.",official AAAI page Abstract; paper Fig. 1 and Sec. 3-4,https://ojs.aaai.org/index.php/AAAI/article/view/5477,https://ojs.aaai.org/index.php/AAAI/article/download/5477/5333,https://github.com/zhengchuanpan/GMAN,Apache-2.0,complete_primary_source_and_method_path
D23,STDEN: Towards Physics-Guided Neural Networks for Traffic Flow Prediction,2022,AAAI 2022,formal_main_track,graph_dynamics;physics_prior,Combine data-driven traffic prediction with a physically interpretable traffic-flow mechanism.,Historical traffic flows on a road graph; no signal action.,Future flow generated through a latent potential-energy differential equation network.,Spatio-temporal flow prediction trained on real Beijing traffic datasets.,No control or candidate evaluation.,Physics prior supports interpretation but does not quantify epistemic uncertainty.,Three Beijing datasets against traffic forecasting baselines plus a physical-meaning case study.,The official AAAI page reports stronger forecasting and an interpretable case study.,The latent potential formulation is not directly linked to CityFlow movement conservation under changing phases.,Prefer explicit movement inflow/outflow conservation as the smallest traffic prior; only add differential equations if that simpler prior fails.,official AAAI page Abstract; paper Sec. 3-5,https://ojs.aaai.org/index.php/AAAI/article/view/20322,https://cdn.aaai.org/ojs/20322/20322-13-24335-1-2-20220628.pdf,not_confirmed,not_confirmed,complete_primary_source_and_method_path
D24,UniST: A Prompt-Empowered Universal Model for Urban Spatio-Temporal Prediction,2024,KDD 2024,formal_main_track,cross_city;spatiotemporal_pretraining,"Learn a universal urban spatio-temporal predictor across cities, domains, and data-scarce scenarios.",Grid or graph spatio-temporal observations across more than 20 scenarios; no control action.,Future spatio-temporal fields through masked pretraining and knowledge-guided prompt tuning.,"Large-scale pretraining followed by scenario-specific prompt tuning, including few-shot and zero-shot protocols.",No TSC controller or action-conditioned MPC.,No conservative control gate.,"More than 20 urban spatio-temporal scenarios with full-data, few-shot, and zero-shot prediction comparisons.","Formal KDD evidence supports heterogeneous pretraining for prediction, not automatically for control.",Repository declares no license and its input/output formats do not represent phase-conditioned counterfactual dynamics.,"Use schema masks and shared pretraining only after adding action/movement tokens and evaluating control ranking, not just forecast MAE.",KDD paper Abstract and Sec. 3-5; repository README pretraining/prompt-tuning protocol,https://doi.org/10.1145/3637528.3671662,https://fi.ee.tsinghua.edu.cn/~dingjingtao/papers/UniST-KDD24.pdf,https://github.com/tsinghua-fib-lab/UniST,NOASSERTION,complete_primary_source_and_method_path
D25,Libsignal: An Open Library for Traffic Signal Control,2024,Machine Learning 113,formal_journal,benchmark;strong_baseline,"Make TSC comparisons fair across algorithms, datasets, and CityFlow/SUMO simulators.","Unified World/Intersection/Generator interfaces expose lane counts, waiting, pressure, phase, and heterogeneous action spaces.","Benchmark infrastructure, not a learned environment model.",Unified training/evaluation interfaces with cross-simulator calibration and recorded hyperparameters.,"Supports multiple fixed, heuristic, value-based, and policy-gradient agents.",Not applicable; its value is evaluation semantics and reproducibility.,"CityFlow and SUMO, nine calibrated datasets, model reimplementations, standard deviations, and convergence comparisons.",The appendix reports PressLight and IDQN as stable/sample-efficient in many settings and warns actor-critic methods can be much harder to converge on large networks.,"A library benchmark does not remove differences in phase definitions, flow files, reward, or simulator forks; each comparison contract still needs validation.",Adopt its baseline/evaluation discipline and preserve exact metric semantics; do not copy GPL code into an MIT project.,"official journal lines 38-40,122-128,245-326; Appendix A.2-A.8",https://link.springer.com/article/10.1007/s10994-023-06412-y,subscription_or_author_copy,https://github.com/DaRL-LibSignal/LibSignal,GPL-3.0,complete_primary_source_and_method_path
D26,Diagnosing Reinforcement Learning for Traffic Signal Control,2019,arXiv:1905.04716,preprint,negative_or_risk;state_reward_design,Question whether complicated RL states and ad-hoc rewards actually optimize travel time.,Concise traffic state and pressure-related reward grounded in classical traffic theory.,Model-free action values; no learned transition model.,RL training evaluated on synthetic and real traffic datasets.,Learned traffic-light policy.,No world-model uncertainty; the risk lesson is representation/reward mismatch.,"Synthetic and real TSC datasets against contemporary methods, with targeted state/reward analysis.",The paper argues that simpler theory-grounded state/reward design can outperform more complex choices.,"It is a preprint and does not test multi-step learned dynamics, but it is an important falsifier of complexity-for-complexity's-sake.",Any World Model gain must survive a strong pressure representation and cannot be attributed only to a larger network.,arXiv Abstract and Sec. 3-5,https://arxiv.org/abs/1905.04716,https://arxiv.org/pdf/1905.04716,not_confirmed,not_confirmed,complete_primary_source_and_method_path
