"paper_id","reported_result_or_scale","dataset_protocol","baseline_or_comparator","seed_variance_status","evidence_pointer","numeric_admission","comparability_to_current_cityflow","followup"
"D01","104 control tasks; a 317M-parameter multi-task agent is reported","Four continuous-control domains","TD-MPC, DreamerV3, SAC and other control baselines","Requires paper-table extraction before numeric ranking","Official OpenReview abstract and paper tables","protocol_scale_only","not_comparable","Extract per-domain aggregate, seed count and variance from final PDF"
"D02","More than 150 tasks across eight domains","Atari, control suites and other domains under one configuration","Contemporary model-based and model-free agents","Requires table-level extraction","Nature article abstract and figures","protocol_scale_only","not_comparable","Record domain-specific scores and uncertainty from article supplement"
"D03","Over one million trajectories from 80 environments; gains reported in three evaluation uses","UniTraj; transition prediction, off-policy evaluation and online MPC","Task-specific and generalist trajectory/world-model baselines","Requires table-level extraction","ICML 2025 PMLR abstract; paper tables","protocol_scale_only","not_comparable","Extract normalized metrics per use and environment family"
"D04","Better policy-gradient optimization and control performance are reported","Long-horizon continuous-control tasks","Transformer world-model variants and policy optimizers","Not safely extracted in this pass","ICML 2024 PMLR page; paper figures/tables","qualitative_only","not_comparable","Extract task list, exact scores, seeds and confidence intervals"
"D05","Official abstract reports matching model-free asymptotic performance with substantially fewer trials","Four continuous-control benchmarks","Model-based and model-free control baselines","Not safely extracted in this pass","NeurIPS 2018 abstract; paper figures","qualitative_only","not_comparable","Extract interaction counts, scores and reported uncertainty"
"D06","Short branched model rollouts retain sample-efficiency gains; long-rollout bias is the key negative boundary","Continuous-control benchmarks","Prior MBRL and model-free methods","Not safely extracted in this pass","NeurIPS 2019 abstract and paper ablations","qualitative_only","not_comparable","Extract rollout-horizon ablation and seed protocol"
"D07","Stronger offline-RL benchmark and related-task results are reported","D4RL and related-task generalization","Offline model-free and model-based methods","Not safely extracted in this pass","NeurIPS 2020 paper tables; reviewer caveat on practical penalty","qualitative_only","not_comparable","Extract normalized scores, datasets, seeds and negative cases"
"D08","Competitive or stronger offline-RL results and a conditional improvement guarantee are reported","Offline RL benchmarks and related unseen tasks","Offline model-free/model-based baselines","Not safely extracted in this pass","NeurIPS 2021 paper tables","qualitative_only","not_comparable","Extract per-dataset scores and seeds"
"D09","Matches or exceeds contemporary offline-RL baselines under its protocol","Standard offline-RL benchmarks","Contemporary offline-RL baselines","Five-seed protocol is noted; exact rows not extracted","NeurIPS 2020 paper/reviews","qualitative_only","not_comparable","Extract mean and standard deviation for all relevant rows"
"D10","Data-efficient pessimistic traffic control is reported","Signalized roundabout and large multi-intersection SUMO network; offline cyclic-controller data","Offline and model-based traffic controllers","Exact table values intentionally not transferred","KDD 2023 DOI/PDF and repository pointers","qualitative_only","partially_comparable_but_different_simulator","Extract main traffic tables, demands, seed protocol and metric definitions"
"D11","Improved sample efficiency and reliability are reported","Synthetic systems, one SUMO intersection and MuJoCo","Task-agnostic exploration baselines","Not safely extracted in this pass","IJCAI 2024 paper 591, result tables","qualitative_only","partially_comparable_single_intersection","Extract SUMO task values, seeds and causal ablations"
"D12","Faster adaptation is reported across transfer settings","Three network types and eight flow datasets; within- and cross-network transfer","Model/policy reuse ablations and TSC baselines","Not safely extracted in this pass","Expert Systems with Applications article page and tables","qualitative_only","potentially_comparable_after_contract_audit","Obtain accessible final PDF and extract all transfer tables"
"D13","Direct TSC world-model mechanism evidence; no formal-venue performance claim admitted","Hangzhou, Jinan, Atlanta and Los Angeles scenarios","Meta-RL/controller variants","Preprint; exact numeric extraction pending","arXiv 2111.08067 and repository","mechanism_only","potentially_comparable_after_reimplementation","Extract tables and verify code/paper metric implementation"
"D14","Improved image prediction and control are reported","Image-observation traffic-signal setting","Image/world-model and common TSC baselines","Not safely extracted in this pass","FITEE 2022 article abstract and tables","qualitative_only","not_comparable_visual_state","Extract exact controller protocol only as boundary evidence"
"D15","Average zero-shot improvement +7.91%; up to +16.3% in some cases","Multi-scenario training and unseen-scenario zero-shot evaluation","Meta-RL and TSC baselines","Seed/variance requires table audit","IJCAI 2024 paper 11, abstract/result summary","numeric_context_preserved","not_directly_comparable_cross_city_protocol","Extract metric denominator, every scenario row and variance"
"D16","Formal KDD cross-city gains are reported","Offline-to-online cross-city transfer","Cross-city, offline and online RL baselines","Not safely extracted in this pass","KDD 2024 DOI and paper tables","qualitative_only","not_directly_comparable_transfer_protocol","Extract city split, offline data budget, online budget and full tables"
"D17","Universal communication improves attached controllers under the paper protocol","Jinan, Hangzhou, New York and two Shanghai datasets","Existing TSC controllers with/without UniComm","Repository warns travel-time semantics differ from upstream CityFlow","IJCAI 2022 paper 535 and repository README/code","qualitative_only","requires_metric_reconciliation","Extract all datasets, seeds and the exact travel-time implementation"
"D18","Improvement over contemporary methods is reported","Synthetic and real-world multi-agent TSC datasets","Multi-agent TSC baselines","Not safely extracted in this pass","IJCAI 2020 paper 345 and tables","qualitative_only","potentially_comparable_after_contract_audit","Extract synchronous-action ablation and exact metrics"
"D19","Grid33x33-Bi average travel time: GPLight 735.51 s vs MaxPressure 2171.13 s; ablation table reports QMIX 1225.63, plus cohesion 862.24, plus GCN 1013.78, full 735.51","Large synthetic/real networks up to 1,089 intersections; cited rows are Grid33x33-Bi","FixedTime, MaxPressure, IntelliLight, CoLight, MPLight and grouped-RL variants","Use table-reported values; seed/variance still requires audit","IJCAI 2023 paper 23, Tables 3 and 4","numeric_context_preserved","not_comparable_to_jinan_single_flow","Extract variance and all network rows; do not quote percentage gain without denominator audit"
"D20","No isolated paper number admitted; retained as pressure-based controller baseline","Arterial and network traffic scenarios","Transportation and RL baselines","Requires original-table extraction","KDD 2019 DOI; LibSignal stability evidence","baseline_role_only","comparable_only_after_local_rerun","Run under the unified local contract rather than borrowing paper numbers"
"D21","No isolated paper number admitted; retained as graph-coordination baseline","Synthetic and real traffic networks","Network-level TSC baselines","Requires original-table extraction","CIKM 2019 publication; LibSignal reimplementation","baseline_role_only","comparable_only_after_local_rerun","Use a maintained implementation and unified protocol"
"D22","Official page reports up to 4% MAE improvement at one-hour horizon","Two real traffic volume/speed datasets","Traffic-forecasting baselines","Seed/variance not extracted","AAAI 2020 article 5477 and paper results","numeric_context_preserved","not_comparable_prediction_only","Extract exact dataset/table row before formal citation"
"D23","Stronger forecasting and interpretable physical behavior are reported","Three Beijing traffic datasets","Traffic forecasting baselines","Not safely extracted in this pass","AAAI 2022 article and paper tables","qualitative_only","not_comparable_no_actions","Extract state variables, horizons, errors and variance"
"D24","More than 20 urban spatio-temporal scenarios are reported","Full-data, few-shot and zero-shot urban prediction","Urban pretraining/prediction baselines","Not safely extracted in this pass","KDD 2024 DOI and paper tables","protocol_scale_only","not_comparable_prediction_only","Extract scenario list, data budgets and exact transfer gains"
"D25","Nine calibrated datasets across CityFlow and SUMO; appendix reports PressLight and IDQN as comparatively stable/sample-efficient","Unified library evaluation","Multiple TSC methods and two simulators","Standard deviations/convergence are reported but exact rows remain to extract","Machine Learning 2024 article and appendix","qualitative_with_protocol_scale","high_relevance_after_metric_audit","Extract per-dataset raw metrics, standard deviations and metric definitions"
"D26","Simpler theory-grounded state/reward choices can outperform more complex choices","Synthetic and real TSC datasets","Contemporary TSC algorithms and state/reward ablations","Not safely extracted in this pass","arXiv 1905.04716, experiment tables","qualitative_only","high_relevance_after_local_confirmation","Extract state/reward ablation values and seed protocol"
