baseline_id,name,category,model_based,coordination,transfer,covers,does_not_cover,why_required,implementation_source,protocol_contract,decision_role
B01,FixedTime,rule_floor,no,schedule_only,none,A non-adaptive lower-bound controller and simulator sanity check.,"Reactive pressure, learning, counterfactual prediction, or cross-demand robustness.",Detects broken environments and establishes whether learning beats a trivial schedule.,src/cityflow_tsc/policies.py; existing project implementation,"Same roadnet, exact flow file, signal timing, horizon and metric definitions as every compared controller.",floor_only
B02,MaxPressure,theory_grounded_primary,no,implicit_through_pressure,zero_tuning,Strong reactive movement/queue semantics and a controller that works without learned dynamics.,"Anticipatory multi-step effects, learned uncertainty, or candidate support.",The proposed planner starts from and deviates from MaxPressure; it is the primary causal comparator and fallback.,src/cityflow_tsc/policies.py:51-82; Varaiya 2013 and PressLight context,Use identical observation semantics and phase_movement_mask; log every proposed and overridden action.,primary_baseline_and_safety_anchor
B03,SharedDQN,model_free_learned,no,parameter_sharing,not_intrinsic,Whether a learned model-free controller can exploit the same structured state and training data budget.,"Explicit graph communication, world-model planning, or theory-grounded pressure priors unless added.",Separates benefit from model-based prediction versus merely using a neural controller.,existing project DQN command and src/cityflow_tsc/dqn.py,"Match environment steps, replay data access, seeds/flows, action timing and evaluation checkpoints.",required_learned_baseline
B04,PressLight or maintained MPLight-equivalent,strong_pressure_rl,no,pressure_reward_or_parameter_sharing,not_intrinsic,Strong learned pressure/movement representation; tests whether a World Model adds more than good traffic inductive bias.,Explicit next-state dynamics or calibrated model rollout.,LibSignal reports PressLight/IDQN as stable and sample-efficient; MaxPressure alone is not the full learned baseline boundary.,PressLight KDD 2019; LibSignal Machine Learning 2024,"Prefer a maintained reimplementation; verify license, phase mapping, CityFlow fork and metric semantics before using numbers.",required_for_paper_claim_not_minimum_architecture_test
B05,CoLight or UniLight,graph_coordination_rl,no_or_auxiliary_prediction,explicit_graph_messages,limited,Benefits from neighbor communication and graph modeling without using online world-model candidate rollouts.,Joint neighbor-action-conditioned future scoring or conservative fallback.,Separates a generic graph-network gain from action-conditioned dynamics.,CoLight CIKM 2019; UniLight IJCAI 2022,Do not compare raw UniLight numbers without reconciling its forked CityFlow travel-time calculation.,required_if_neighbor_action_module_survives
B06,GPLight,large_scale_grouped_rl,no,dynamic_agent_grouping,within_protocol,Intersection heterogeneity and scaling to large networks.,"Learned environment dynamics, uncertainty, or MaxPressure-anchored planning.",A paper claiming large-network graph benefits must confront a recent grouped MARL baseline.,GPLight IJCAI 2023,"Only required for a large-network claim; the 1,089-intersection protocol is not comparable to Jinan/Hangzhou by raw score.",conditional_large_scale_baseline
B07,ModelLight and PLight/PRLight,direct_tsc_model_based,yes,local_or_graph_encoder,meta_or_policy_reuse,"Direct prior art for action-conditioned traffic transition prediction, imaginary data, and cross-flow/roadnet reuse.",Calibrated conservative online MPC against MaxPressure.,"Prevents claiming generic traffic World Model, phase-conditioned dynamics, or transfer as new.",ModelLight arXiv 2021; PLight/PRLight ESWA 2026,Design-level comparison is mandatory; executable baseline only after license/protocol issues are resolved independently.,nearest_method_boundary
B08,ADAC,direct_tsc_pessimistic_model_based,yes,finite_mdp_state,offline_data,Traffic-specific offline model learning and distance-based pessimistic reward shaping.,"Neural graph rollout, phase-movement semantics, ensemble calibration, or explicit fallback.",Nearest direct evidence for pessimism in traffic model-based learning.,ADAC KDD 2023 and static-audited repository,"Do not copy unlicensed code; compare mechanisms and, if implemented, reproduce independently on our CityFlow contract.",nearest_conservative_tsc_boundary
B09,X-Light and CrossLight,cross_city_transfer,auxiliary_or_no,trajectory_transformer_or_pattern_structure,cross_city,Recent cross-city zero-shot and offline-to-online TSC transfer.,A deployed world-model planner with calibrated rollout uncertainty.,"Any cross-city/pretraining claim must improve over recent transfer methods, not only single-city controllers.",X-Light IJCAI 2024; CrossLight KDD 2024,Match source/target city partition and adaptation budget; never mix zero-shot with online-adaptation results.,required_only_for_pretraining_or_cross_city_claim
