query_id,layer,purpose,query,preferred_sources,time_window,required_counter_query
Q01,general_world_model,method,"world model reinforcement learning model predictive control multi-step latent dynamics",OpenReview|PMLR|Nature|NeurIPS,2023-2026,"world model planning failure compounding error"
Q02,general_world_model,planning,"TD-MPC MPPI policy prior terminal value world model",OpenReview|official_GitHub,2021-2026,"TD-MPC limitations discrete action"
Q03,general_world_model,architecture,"action-conditioned world model long horizon policy optimization",PMLR|OpenReview,2023-2026,"action-conditioned world model negative result"
Q04,general_world_model,pretraining,"trajectory world model heterogeneous environments pretraining MPC",PMLR|official_GitHub,2023-2026,"trajectory world model transfer limitation"
Q05,tsc_model_based,method,"traffic signal control model-based reinforcement learning world model",ACM_DL|IJCAI|IEEE|Elsevier,2020-2026,"traffic signal model-based RL failure"
Q06,tsc_model_based,offline,"traffic signal control pessimistic offline model-based reinforcement learning",ACM_DL|OpenReview,2020-2026,"offline traffic control behavior support OOD"
Q07,tsc_model_based,causal,"traffic signal causal world model exploration reinforcement learning",IJCAI|official_GitHub,2020-2026,"causal traffic world model limitation"
Q08,tsc_model_based,policy_reuse,"traffic signal model-based reinforcement learning policy reuse",Elsevier|IEEE|official_GitHub,2020-2026,"policy reuse negative transfer traffic signal"
Q09,graph_dynamics,method,"spatiotemporal graph neural network traffic flow evolution prediction",KDD|AAAI|IJCAI|NeurIPS|IEEE,2022-2026,"traffic forecasting distribution shift limitation"
Q10,graph_dynamics,physics,"traffic flow prediction conservation constrained graph neural network",KDD|AAAI|IEEE|Transportation_Research,2020-2026,"physics informed traffic prediction failure"
Q11,multi_agent_tsc,coordination,"multi-agent traffic signal control neighbor impact communication joint action",IJCAI|AAAI|KDD|official_GitHub,2020-2026,"traffic signal communication ablation failure"
Q12,multi_agent_tsc,action_semantics,"traffic signal phase movement graph action representation reinforcement learning",AAAI|IJCAI|KDD|IEEE,2020-2026,"phase representation traffic control limitation"
Q13,cross_city,transfer,"cross-city traffic signal control trajectory transformer meta reinforcement learning",IJCAI|KDD|AAAI|IEEE,2022-2026,"cross-city traffic signal negative transfer"
Q14,cross_city,pretraining,"traffic signal foundation model multi-city pretraining",KDD|AAAI|IJCAI|arXiv,2023-2026,"traffic foundation model benchmark leakage"
Q15,uncertainty_mpc,ensemble,"probabilistic ensemble model predictive control epistemic uncertainty reinforcement learning",NeurIPS|ICML|OpenReview,2018-2026,"ensemble model predictive control miscalibration"
Q16,uncertainty_mpc,pessimism,"pessimistic model-based reinforcement learning OOD penalty lower confidence bound",NeurIPS|ICML|OpenReview|ACM_DL,2019-2026,"pessimism overconservatism model-based RL"
Q17,uncertainty_mpc,safety,"safe model predictive control fallback shield learned dynamics",OpenReview|IEEE|PMLR,2020-2026,"learned model safety shield failure"
Q18,benchmark,evaluation,"traffic signal control benchmark CityFlow Jinan Hangzhou seeds average travel time",KDD|AAAI|IJCAI|official_GitHub,2020-2026,"traffic signal benchmark reproducibility variance"
Q19,baseline,strong_baseline,"MaxPressure CoLight MPLight traffic signal control comparison",AAAI|CIKM|KDD|IJCAI|IEEE,2018-2026,"MaxPressure strong baseline failure cases"
Q20,survey,boundary,"survey model-based reinforcement learning traffic signal control world models",IEEE|ACM|Elsevier|arXiv,2020-2026,"survey missing model-based traffic control"
Q21,implementation,code,"GitHub world model traffic signal control official code",GitHub,2020-2026,"traffic world model repository no license"
Q22,negative,ranking,"world model prediction accuracy action ranking control performance mismatch",PMLR|OpenReview|NeurIPS,2019-2026,"model-based RL model exploitation examples"
Q23,negative,planning,"multi-step rollout error model predictive control learned dynamics",PMLR|OpenReview|NeurIPS,2018-2026,"short horizon MPC strong baseline"
Q24,negative,generalization,"traffic signal control cross-city generalization failure",IJCAI|AAAI|KDD|IEEE,2020-2026,"traffic control held-out demand evaluation"
