risk_id,risk,mechanism,affected_stage,severity,likelihood,detection,mitigation,kill_condition,source
R01,Model exploitation,Planner chooses candidates where model error creates falsely high reward.,planning,critical,high,Predicted-versus-CityFlow candidate ranking; per-step regret; visualize selected high-error candidates.,"Uncertainty penalty, support gate, advantage threshold, MaxPressure fallback.",Selected candidate error is positively associated with predicted advantage or ranking correlation is non-positive.,MOPO D07; MOReL D09; ADAC D10
R02,Compounding rollout error,One-step prediction errors accumulate over the planner horizon.,model_and_planning,critical,high,Held-out 1-5 step state/reward error with teacher-forced and free-running curves.,"H-step loss, direct multi-step head, shorter adaptive horizon, terminal value.",Free-running error grows faster than candidate score separation or horizon>1 reduces rank correlation.,MBPO D06; GMAN D22; current training.py/model.py
R03,OOD action sequence,Local mutations or their combinations are rare/absent in the training trajectories.,candidate_generation,critical,high,"Action n-gram counts, state-action kNN/density, ensemble error calibration by support bins.","Policy prior/proposal restriction, support threshold, MP fallback.",No support metric predicts real ranking error better than chance.,MOPO D07; MOReL D09; ADAC D10
R04,Missing phase-movement semantics,An arbitrary action embedding does not encode which turns receive green.,transition_model,critical,confirmed_in_current_code,Movement-level error split by selected permitted versus blocked movements; phase-mask ablation.,Gate action effect with phase_movement_mask and movement/turn embeddings.,Mask-aware model does not improve held-out movement error or candidate ranking at equal capacity.,ModelLight D13; PressLight D20; current model.py:145-153
R05,Missing neighbor joint actions,"Neighbor states are aggregated before actions, so inflow cannot respond to neighbors' selected phases.",graph_dynamics,critical,confirmed_in_current_code,Counterfactual pairs differing only in upstream action; downstream movement error and rank correlation.,Action-conditioned graph messages along road/movement edges.,Explicit neighbor actions add no predictive/ranking value over neighbor states at matched capacity.,MaCAR D18; UniLight D17; current model.py:118-149
R06,Uncertainty miscalibration,Ensemble variance may not track counterfactual prediction or ranking error.,safety_gate,critical,medium_high,"Reliability curve, AUROC for high-regret candidates, Spearman between disagreement and absolute error.","Calibrate on flow-disjoint validation; compare ensemble, kNN support and combined score; COMBO-style alternative if needed.",Uncertainty fails monotonic calibration on both cities.,PETS D05; MOPO D07; COMBO D08
R07,Validation/test leakage,"Flows used for normalization, model selection, uncertainty calibration or policy reuse enter test evaluation.",data_protocol,critical,medium,Manifest hash audit for train/calibration/test roadnet and flow files; nested selection log.,"Flow-disjoint train, validation/calibration and final test partitions; freeze checkpoint and thresholds.",Any test flow or derived statistic influences checkpoint/threshold selection.,research protocol; PLight/PRLight audit
R08,Seed-only pseudo-replication,Changing RNG on one deterministic flow does not create independent traffic demand.,evaluation,critical,confirmed_in_first_run,Count unique flow hashes and demand profiles per paired unit.,Use independent held-out flow files in Jinan and Hangzhou; pair controllers within each flow.,Fewer than the preregistered independent flows per city are available.,current 5090 run and locked protocol
R09,Switching/yellow-time cost mismatch,Predicted action value ignores lost green time or minimum-green constraints.,model_and_environment_contract,high,medium,"Error/regret by change-versus-hold action; audit phase_elapsed, yellow and all-red transitions.",Keep timing in environment contract; include elapsed/stage and explicit change cost in targets.,Planner improves predicted reward by excessive switching while real queue/wait degrades.,current model.py:183-203; policy.py:134-138
R10,Search-budget confound,"More candidate evaluations, not a better model, create apparent gains.",experiment,high,medium,Equal candidate count/horizon/wall-clock variants; oracle and random-score controls.,Hold proposal set fixed across ablations and report compute.,Gain disappears at matched candidate set/search budget.,minimum experiment requirement
R11,Cross-city schema and dynamics shift,"Road topology, phase count, demand and driver dynamics differ across cities.",pretraining_transfer,high,high,"Per-city error/ranking breakdown, schema-mask coverage, negative-transfer tests.","Padded schema masks, city-held-out validation, local calibration or adapters.",Pretraining hurts either city or gains vanish after equal within-city data budget.,TrajWorld D03; X-Light D15; CrossLight D16; UniST D24
R12,Metric/simulator semantic mismatch,CityFlow forks or different travel-time/phase conventions make numbers incomparable.,baseline_comparison,critical,high_for_external_numbers,"Source SHA, simulator SHA, roadnet/flow hashes, metric definition and signal-timing manifest.",Run all executable baselines in one environment contract; use literature numbers only as context.,Baseline cannot be brought under the same simulator and metric contract.,UniLight D17 warning; LibSignal D25
