translation_id,source_papers,source_mechanism,current_limitation,current_code,proposed_location,interface_change,dependency,expected_signal,non_transferable,priority
T01,D13;D20,Phase vector / pressure-grounded movement semantics,Action id embedding is broadcast to movements; phase_movement_mask is not consumed.,"model.py:65-77,145-153; data.py:106-108",GraphWorldModel action-to-movement conditioning,Add phase_movement_mask buffer/tensor to model construction/checkpoint and select per-action movement gates.,Existing NetworkSpec.padded_phase_movement_mask,Lower permitted/blocked movement error and better candidate rank correlation.,ModelLight single-intersection LSTM code and PressLight controller are not copied.,1
T02,D17;D18,Route predicted outflow to neighbors and condition on synchronous joint actions,Neighbor node state is aggregated before local action injection; neighbor actions cannot affect downstream predictions.,model.py:118-149,Action-conditioned edge/message block before transition head,"Gather neighbor action embeddings and edge movement mappings; keep [B,N] discrete action contract.","neighbor_index, neighbor_mask, road/movement topology",Counterfactual upstream-action changes improve downstream prediction/ranking.,UniLight custom CityFlow metric implementation and MaCAR full RL controller.,1
T03,D01;D02;D06,H-step consistency/reward learning aligned with deployment rollout,Training is one-step MSE while planning recursively rolls H=3.,training.py:42-67; model.py:159-205,TrajectoryTransitionDataset sequence mode and multi-step loss,Dataset yields H-step observations/actions/rewards/masks; maintain one-step compatibility only in a later implementation plan.,Contiguous trajectories and episode boundaries,Lower free-running 2-5 step error and improved candidate ranking.,Dreamer latent actor-critic stack.,1
T04,D01;D02,Terminal value and continuation heads,Planner truncates reward at horizon without estimating value beyond it.,"model.py:73-77,159-205",Value/continuation heads and rollout terminal score,Checkpoint schema and training targets add value/continuation; planner score adds discounted terminal V.,Stable value target or pressure-derived bootstrap,Horizon-robust candidate ranking without increasing rollout length.,Continuous policy prior until a discrete prior is justified.,2
T05,D05;D07,Bootstrapped dynamics ensemble and lower-confidence reward,Single deterministic model emits no epistemic signal.,model.py and checkpoint.py,Ensemble wrapper over independently initialized GraphWorldModel members,Checkpoint stores member states and planner receives mean/std per candidate.,Bootstrap resampling and flow-disjoint calibration set,Disagreement monotonically predicts real candidate error/regret.,Gaussian continuous-state assumptions and continuous CEM.,2
T06,D09;D10,Unknown/support detection and pessimistic penalty,Any valid phase mutation can be selected regardless of data support.,policy.py:76-155; data.py,Candidate diagnostics and conservative gate,Planner gets support score per state-action sequence and calibrated penalty/threshold.,Training-trajectory index or density estimator,High support corresponds to lower ranking error; gate reduces worst-flow regret.,ADAC unlicensed finite-MDP code.,2
T07,D08,Value conservatism when uncertainty is unreliable,No learned value function and no alternative if ensemble calibration fails.,future only,Deferred conservative value baseline,Would require synthetic replay and Q/value training; outside minimum skeleton.,Failure of simpler calibrated ensemble/support gate,Out-of-support candidates receive lower value without explicit variance.,Full COMBO implementation.,defer
T08,D22,Direct multi-step sequence prediction,Recursive rollout may propagate error.,model.py:159-205,Optional direct H-step dynamics head for diagnostic comparison,"Model outputs [B,H,N,M,F] conditioned on the whole action sequence.",Sequence dataset,Direct head improves H-step error/ranking over recursive model at matched capacity.,GMAN lacks action conditioning and cannot be used as controller.,2
T09,D23,Physics-guided dynamics,No explicit conservation constraint despite movement counts.,model.py transition_head,Movement inflow/outflow residual or conservation regularizer,Need incoming/outgoing movement-edge incidence and source/sink masks.,Reliable topology mapping from roadnet,Lower physically impossible predictions and better cross-demand generalization.,STDEN latent-potential differential equation is not action-conditioned.,defer_after_T01_T02
T10,D03;D24,Heterogeneous schema masks and multi-environment pretraining,Checkpoint is tied to one network schema hash.,checkpoint.py; data.py; policy.py:58-66,Future shared backbone plus schema-specific masks/adapters,"Observation/trajectory/checkpoint schemas must carry feature, movement, phase, roadnet and city tokens.",Within-city mechanism already passes performance gate,Positive transfer at equal target-city data budget.,Unlicensed TrajWorld/UniST implementation and action-free UniST objective.,defer
T11,D15;D16,Cross-city trajectory meta-training,Only one city/flow was used in the diagnostic run.,train_world_model.py orchestration and future dataset registry,"Experiment protocol, not first model class","Explicit source-city, calibration-flow and held-out-city manifests.",Multiple independent flows and cities,Zero-shot/adaptation gains relative to X-Light/CrossLight class baselines.,Their controller architectures do not demonstrate world-model MPC gains.,defer
T12,D25;D26,Unified evaluation and theory-grounded simple-state controls,One deterministic flow and no strong learned pressure baseline in the initial run.,"experiment scripts and metrics, no public model API change",Evaluation harness and preregistration,"Flow manifests, paired metrics, bootstrap CI, source SHA, compute accounting.",Independent Jinan/Hangzhou flows,Results can be attributed to model mechanism rather than protocol or complexity.,GPL library code cannot enter MIT core; raw external metrics are contextual only.,1
