paper_id,title,year,venue,publication_status,layer,triage_status,admission_reason,formal_url,pdf_url,code_url,license,stars_query_date,stars,evidence_status
D01,"TD-MPC2: Scalable, Robust World Models for Continuous Control",2024,ICLR 2024 (Spotlight),formal_main_track,general_world_model;multi_step_planning,deep_read_admitted,"nearest mechanism, direct TSC evidence, strong baseline, or explicit risk boundary",https://openreview.net/forum?id=Oxh5CstDJU,https://openreview.net/pdf?id=Oxh5CstDJU,https://github.com/nicklashansen/tdmpc2,MIT,2026-08-13,921,primary_source_reviewed
D02,Mastering Diverse Control Tasks through World Models (DreamerV3),2025,Nature 640,formal_journal,general_world_model;imagined_policy_learning,deep_read_admitted,"nearest mechanism, direct TSC evidence, strong baseline, or explicit risk boundary",https://www.nature.com/articles/s41586-025-08744-2,https://www.nature.com/articles/s41586-025-08744-2.pdf,https://github.com/danijar/dreamerv3,MIT,2026-08-13,3657,primary_source_reviewed
D03,Trajectory World Models for Heterogeneous Environments,2025,ICML 2025,formal_main_track,general_world_model;heterogeneous_pretraining,deep_read_admitted,"nearest mechanism, direct TSC evidence, strong baseline, or explicit risk boundary",https://proceedings.mlr.press/v267/yin25f.html,https://raw.githubusercontent.com/mlresearch/v267/main/assets/yin25f/yin25f.pdf,https://github.com/thuml/TrajWorld,NOASSERTION,2026-08-13,19,primary_source_reviewed
D04,Do Transformer World Models Give Better Policy Gradients?,2024,ICML 2024,formal_main_track,general_world_model;action_conditioning,deep_read_admitted,"nearest mechanism, direct TSC evidence, strong baseline, or explicit risk boundary",https://proceedings.mlr.press/v235/ma24i.html,https://raw.githubusercontent.com/mlresearch/v235/main/assets/ma24i/ma24i.pdf,not_confirmed,not_confirmed,not_queried,not_queried,primary_source_reviewed
D05,Deep Reinforcement Learning in a Handful of Trials using Probabilistic Dynamics Models,2018,NeurIPS 2018,formal_main_track,uncertainty_mpc;ensemble,deep_read_admitted,"nearest mechanism, direct TSC evidence, strong baseline, or explicit risk boundary",https://proceedings.neurips.cc/paper/2018/hash/3de568f8597b94bda53149c7d7f5958c-Abstract.html,https://proceedings.neurips.cc/paper_files/paper/2018/file/3de568f8597b94bda53149c7d7f5958c-Paper.pdf,https://github.com/kchua/handful-of-trials,MIT,2026-08-13,481,primary_source_reviewed
D06,When to Trust Your Model: Model-Based Policy Optimization,2019,NeurIPS 2019,formal_main_track,multi_step_planning;model_bias,deep_read_admitted,"nearest mechanism, direct TSC evidence, strong baseline, or explicit risk boundary",https://proceedings.neurips.cc/paper/2019/hash/5faf461eff3099671ad63c6f3f094f7f-Abstract.html,https://proceedings.neurips.cc/paper/2019/file/5faf461eff3099671ad63c6f3f094f7f-Paper.pdf,https://github.com/jannerm/mbpo,MIT,2026-08-13,560,primary_source_reviewed
D07,MOPO: Model-based Offline Policy Optimization,2020,NeurIPS 2020,formal_main_track,uncertainty_mpc;offline_pessimism,deep_read_admitted,"nearest mechanism, direct TSC evidence, strong baseline, or explicit risk boundary",https://proceedings.neurips.cc/paper/2020/hash/a322852ce0df73e204b7e67cbbef0d0a-Abstract.html,https://proceedings.neurips.cc/paper/2020/file/a322852ce0df73e204b7e67cbbef0d0a-Paper.pdf,https://github.com/tianheyu927/mopo,MIT,2026-08-13,191,primary_source_reviewed
D08,COMBO: Conservative Offline Model-Based Policy Optimization,2021,NeurIPS 2021,formal_main_track,offline_pessimism;value_regularization,deep_read_admitted,"nearest mechanism, direct TSC evidence, strong baseline, or explicit risk boundary",https://proceedings.neurips.cc/paper/2021/hash/f29a179746902e331572c483c45e5086-Abstract.html,https://proceedings.neurips.cc/paper/2021/file/f29a179746902e331572c483c45e5086-Paper.pdf,not_confirmed,not_confirmed,not_queried,not_queried,primary_source_reviewed
D09,MOReL: Model-Based Offline Reinforcement Learning,2020,NeurIPS 2020,formal_main_track,offline_pessimism;unknown_state_action,deep_read_admitted,"nearest mechanism, direct TSC evidence, strong baseline, or explicit risk boundary",https://proceedings.neurips.cc/paper/2020/hash/f7efa4f864ae9b88d43527f4b14f750f-Abstract.html,https://proceedings.neurips.cc/paper/2020/file/f7efa4f864ae9b88d43527f4b14f750f-Paper.pdf,not_confirmed,not_confirmed,not_queried,not_queried,primary_source_reviewed
D10,Optimizing Traffic Control with Model-Based Learning: A Pessimistic Approach to Data-Efficient Policy Inference,2023,KDD 2023,formal_main_track,tsc_model_based;offline_pessimism,deep_read_admitted,"nearest mechanism, direct TSC evidence, strong baseline, or explicit risk boundary",https://doi.org/10.1145/3580305.3599459,repository Supporting Document.pdf,https://github.com/siddarth-c/KDD23-ADAC,NOASSERTION,2026-08-13,0,primary_source_reviewed
D11,Boosting Efficiency in Task-Agnostic Exploration through Causal Knowledge,2024,IJCAI 2024,formal_main_track,causal_world_model;tsc_case_study,deep_read_admitted,"nearest mechanism, direct TSC evidence, strong baseline, or explicit risk boundary",https://www.ijcai.org/proceedings/2024/591,https://www.ijcai.org/proceedings/2024/0591.pdf,https://github.com/CMACH508/CausalExploration,NOASSERTION,2026-08-13,8,primary_source_reviewed
D12,Enhancing Traffic Signal Control through Model-Based Reinforcement Learning and Policy Reuse,2026,Expert Systems with Applications 298,formal_journal,tsc_model_based;transfer,deep_read_admitted,"nearest mechanism, direct TSC evidence, strong baseline, or explicit risk boundary",https://www.sciencedirect.com/science/article/pii/S0957417425033706,subscription_or_author_copy,https://github.com/RL-DLMU/PRLight-and-PLight,NOASSERTION,2026-08-13,0,primary_source_reviewed
D13,ModelLight: Model-Based Meta-Reinforcement Learning for Traffic Signal Control,2021,arXiv:2111.08067,preprint,tsc_model_based;meta_rl,deep_read_admitted,"nearest mechanism, direct TSC evidence, strong baseline, or explicit risk boundary",https://arxiv.org/abs/2111.08067,https://arxiv.org/pdf/2111.08067,https://github.com/XingshuaiHuang/ModelLight,MIT,2026-08-13,10,primary_source_reviewed
D14,Image-Based Traffic Signal Control via World Models,2022,Frontiers of Information Technology & Electronic Engineering 23(12),formal_journal,tsc_world_model;image_boundary,deep_read_admitted,"nearest mechanism, direct TSC evidence, strong baseline, or explicit risk boundary",https://www.fitee.zjujournals.com/en/article/doi/10.1631/FITEE.2200323/,official page PDF link,not_confirmed,not_confirmed,not_queried,not_queried,primary_source_reviewed
D15,X-Light: Cross-City Traffic Signal Control Using Transformer on Transformer as Meta Multi-Agent Reinforcement Learner,2024,IJCAI 2024,formal_main_track,cross_city;multi_agent_tsc,deep_read_admitted,"nearest mechanism, direct TSC evidence, strong baseline, or explicit risk boundary",https://www.ijcai.org/proceedings/2024/11,https://www.ijcai.org/proceedings/2024/0011.pdf,not_confirmed,not_confirmed,not_queried,not_queried,primary_source_reviewed
D16,CrossLight: Offline-to-Online Reinforcement Learning for Cross-City Traffic Signal Control,2024,KDD 2024,formal_main_track,cross_city;offline_to_online,deep_read_admitted,"nearest mechanism, direct TSC evidence, strong baseline, or explicit risk boundary",https://doi.org/10.1145/3637528.3671927,https://zhoujingbo.github.io/paper/2024CrossLightKDD.pdf,not_confirmed,not_confirmed,not_queried,not_queried,primary_source_reviewed
D17,Multi-Agent Reinforcement Learning for Traffic Signal Control through Universal Communication Method,2022,IJCAI 2022,formal_main_track,multi_agent_tsc;neighbor_impact,deep_read_admitted,"nearest mechanism, direct TSC evidence, strong baseline, or explicit risk boundary",https://www.ijcai.org/proceedings/2022/535,https://www.ijcai.org/proceedings/2022/0535.pdf,https://github.com/zyr17/UniLight,MIT,2026-08-13,39,primary_source_reviewed
D18,MaCAR: Urban Traffic Light Control via Active Multi-Agent Communication and Action Rectification,2020,IJCAI 2020,formal_main_track,multi_agent_tsc;joint_action,deep_read_admitted,"nearest mechanism, direct TSC evidence, strong baseline, or explicit risk boundary",https://www.ijcai.org/proceedings/2020/345,https://www.ijcai.org/proceedings/2020/0345.pdf,not_confirmed,not_confirmed,not_queried,not_queried,primary_source_reviewed
D19,GPLight: Grouped Multi-Agent Reinforcement Learning for Large-Scale Traffic Signal Control,2023,IJCAI 2023,formal_main_track,multi_agent_tsc;large_scale,deep_read_admitted,"nearest mechanism, direct TSC evidence, strong baseline, or explicit risk boundary",https://www.ijcai.org/proceedings/2023/23,https://www.ijcai.org/proceedings/2023/0023.pdf,not_confirmed,not_confirmed,not_queried,not_queried,primary_source_reviewed
D20,PressLight: Learning Max Pressure Control to Coordinate Traffic Signals in Arterial Network,2019,KDD 2019,formal_main_track,strong_baseline;pressure_rl,deep_read_admitted,"nearest mechanism, direct TSC evidence, strong baseline, or explicit risk boundary",https://doi.org/10.1145/3292500.3330949,author_or_acm_copy,https://github.com/wingsweihua/presslight,not_reaudited,not_queried,not_queried,primary_source_reviewed
D21,CoLight: Learning Network-Level Cooperation for Traffic Signal Control,2019,CIKM 2019,formal_main_track,strong_baseline;graph_coordination,deep_read_admitted,"nearest mechanism, direct TSC evidence, strong baseline, or explicit risk boundary",https://doi.org/10.1145/3357384.3357902,author_or_acm_copy,https://github.com/wingsweihua/colight,not_reaudited,not_queried,not_queried,primary_source_reviewed
D22,GMAN: A Graph Multi-Attention Network for Traffic Prediction,2020,AAAI 2020,formal_main_track,graph_dynamics;multi_step_prediction,deep_read_admitted,"nearest mechanism, direct TSC evidence, strong baseline, or explicit risk boundary",https://ojs.aaai.org/index.php/AAAI/article/view/5477,https://ojs.aaai.org/index.php/AAAI/article/download/5477/5333,https://github.com/zhengchuanpan/GMAN,Apache-2.0,2026-08-13,539,primary_source_reviewed
D23,STDEN: Towards Physics-Guided Neural Networks for Traffic Flow Prediction,2022,AAAI 2022,formal_main_track,graph_dynamics;physics_prior,deep_read_admitted,"nearest mechanism, direct TSC evidence, strong baseline, or explicit risk boundary",https://ojs.aaai.org/index.php/AAAI/article/view/20322,https://cdn.aaai.org/ojs/20322/20322-13-24335-1-2-20220628.pdf,not_confirmed,not_confirmed,not_queried,not_queried,primary_source_reviewed
D24,UniST: A Prompt-Empowered Universal Model for Urban Spatio-Temporal Prediction,2024,KDD 2024,formal_main_track,cross_city;spatiotemporal_pretraining,deep_read_admitted,"nearest mechanism, direct TSC evidence, strong baseline, or explicit risk boundary",https://doi.org/10.1145/3637528.3671662,https://fi.ee.tsinghua.edu.cn/~dingjingtao/papers/UniST-KDD24.pdf,https://github.com/tsinghua-fib-lab/UniST,NOASSERTION,2026-08-13,228,primary_source_reviewed
D25,Libsignal: An Open Library for Traffic Signal Control,2024,Machine Learning 113,formal_journal,benchmark;strong_baseline,deep_read_admitted,"nearest mechanism, direct TSC evidence, strong baseline, or explicit risk boundary",https://link.springer.com/article/10.1007/s10994-023-06412-y,subscription_or_author_copy,https://github.com/DaRL-LibSignal/LibSignal,GPL-3.0,not_queried,not_queried,primary_source_reviewed
D26,Diagnosing Reinforcement Learning for Traffic Signal Control,2019,arXiv:1905.04716,preprint,negative_or_risk;state_reward_design,deep_read_admitted,"nearest mechanism, direct TSC evidence, strong baseline, or explicit risk boundary",https://arxiv.org/abs/1905.04716,https://arxiv.org/pdf/1905.04716,not_confirmed,not_confirmed,not_queried,not_queried,primary_source_reviewed
